{
  "mean": [
    4.414924621582031,
    5.7873921394348145,
    3.531682014465332,
    0.8367330431938171,
    11.451783180236816,
    11.766776084899902,
    11.22547721862793,
    0.21117614209651947,
    2.85695743560791,
    2.8686814308166504,
    2.851290702819824,
    0.006856868043541908,
    0.4427745044231415,
    0.7425413727760315,
    0.21827176213264465,
    0.2127433568239212,
    0.0012008026242256165,
    0.005374525208026171,
    0.0,
    0.002149206353351474,
    88905.09375,
    110779.2421875,
    75187.140625,
    15672.5693359375,
    325.3900451660156,
    880.5145874023438,
    97.03929138183594,
    294.2012939453125,
    0.6230315566062927,
    1.2929354906082153,
    6.257999897003174,
    3.122816562652588
  ],
  "std": [
    11.578086853027344,
    14.686758041381836,
    10.628847122192383,
    3.8610806465148926,
    13.679060935974121,
    14.556036949157715,
    13.280980110168457,
    1.8814297914505005,
    3.3502397537231445,
    3.36336088180542,
    3.3460798263549805,
    0.07932734489440918,
    0.7641015648841858,
    1.1018829345703125,
    0.601176381111145,
    0.3476654291152954,
    0.017615849152207375,
    0.07062456756830215,
    9.99999993922529e-09,
    0.02848091721534729,
    951409.4375,
    1057891.0,
    904639.8125,
    192747.078125,
    1397.506103515625,
    4961.3798828125,
    247.8262481689453,
    1867.4715576171875,
    0.6080677509307861,
    1.2748503684997559,
    5.969174385070801,
    2.97680926322937
  ]
}